[{"name":"Steveified","uuid":"25fa4e08321e4ca280115329ec4c785a","rank":"Member","team":"None"},{"name":"StevesProBro","uuid":"d226e355cd494e209264473887a9cea4","rank":"Member","team":"None"},{"name":"Cocomonsters","uuid":"2293d72eb82b4a02bfd94c26f32227ed","rank":"Leader","team":"Ethereal","rank2":"Management"},{"name":"M00N","uuid":"46650216bf7342c7ad74bdaa2237fa56","rank":"Member","team":"Ethereal"},{"name":"Lawluu","uuid":"76ba00cdbe5f4370945c893cc86dda2f","rank":"leader","team":"Ethereal"},{"name":"DevOperator","uuid":"07834eb505084db8afb013e8dc83688d","rank":"Member","team":"Ethereal"},{"name":"Fuhreels","uuid":"aab8904925024d7a8cdf58e364f26df6","rank":"Media","team":"Ethereal"},{"name":"Lexa","uuid":"252fb0c81a5642ccaf686e2eae398234","rank":"Member","team":"None"},{"name":"Aqato","uuid":"0e3460409e1b4ac88c9b514a45fda16c","rank":"Member","team":"Ethereal"},{"name":"notnyc","uuid":"850bd44ac63b40a68674ba14477a3d71","rank":"Leader","team":"Ethereal","rank2":"None"},{"name":"Cyzn","uuid":"bc06f82b5bd24065adc3a4d3e35f4790","rank":"Leader","team":"noof"},{"name":"mackenzer","uuid":"1a984e55556b47cd93535349db80ee20","rank":"referee","team":"Ethereal"},{"name":"Hqro","uuid":"579023bff8ac4b7aaf6f31a7c53ff232","rank":"Member","team":"Ethereal"},{"name":"Bloon","uuid":"ffeae08c02f84452b61f0cbc0d6b7a73","rank":"Leader","team":"Ethereal","rank2":"Host"},{"name":"jqnelle","uuid":"0dcf98d323014a828627954b8248d0a8","rank":"Member","team":"Ethereal"},{"name":"BAMBl","uuid":"b565d08cfcc04a94b9458ed416d58c8c","rank":"Member","team":"Ethereal"},{"name":"greenful","uuid":"a7a134ad79704d4488b91fe8efbd7439","rank":"Member","team":"None"},{"name":"Rainiee","uuid":"de99faae131941f1a38994efae96eda8","rank":"Member","team":"Ethereal"},{"name":"JonX_","uuid":"3d03698a67964f1bbc88e4267b1cfd60","rank":"Member","team":"None"},{"name":"CanWeKiss","uuid":"802a3928a50141678620b7ab15c3b3a6","rank":"Member","team":"Ethereal"},{"name":"Woreor","uuid":"98ba8c76e0e943978e0e70ebd5b5e7fc","rank":"Member","team":"Ethereal","rank2":"Management"},{"name":"cloaxxx","uuid":"eca930b272974b98b22efe7efc9d1ebf","rank":"leader","team":"Cadence"},{"name":"Hide","uuid":"a2abcf0f97084051a9f7f042ed6d99b3","rank":"Leader","team":"Cadence"},{"name":"Centure","uuid":"6290c93360a94cababb799f5422473fc","rank":"Member","team":"None"},{"name":"thecouncourer","uuid":"c59dbc8a94774321994c81ce03e44b36","rank":"Member","team":"BabyZoo"},{"name":"aele","uuid":"cc3b5bfb5971431ba1a9db2e62e0ec12","rank":"Member","team":"Cadence"},{"name":"dyloon","uuid":"2a9e08e4f65941bd830753d2ab87bd4f","rank":"Member","team":"Cadence"},{"name":"Auvina","uuid":"328fbbec3bbd4f07a3981c0db1c08fcb","rank":"Member","team":"Cadence"},{"name":"zxmonster","uuid":"9b6d706ef6f04693b0e98c641be97546","rank":"Leader","team":"Cadence","rank2":"Advisor"},{"name":"hosting","uuid":"496d2536448a4d4fa908c7cdc89f56ba","rank":"referee","team":"Ethereal"},{"name":"Elmoan","uuid":"4c2367cde96f432c9830c8ae1f52ceea","rank":"Member","team":"Cadence"},{"name":"Confidence","uuid":"0bf5bfaa00294c5d9fe11539a383ba26","rank":"Member","team":"None"},{"name":"Trendsetter","uuid":"3a1a7e942bea467e9826e452682abf4c","rank":"Member","team":"None"},{"name":"active","uuid":"919408772071478c9871ec21907067b1","rank":"Member","team":"None"},{"name":"jollyyyyyyyyy","uuid":"148c34c4df234b5f9052468b180f7ce4","rank":"Member","team":"Cadence"},{"name":"SheLikeAaOo","uuid":"57dc33f501e24b42a766fb1ad0794812","rank":"Member","team":"Cadence"},{"name":"LFT","uuid":"5b700f637ff4400689b73fc21f61239c","rank":"Leader","team":"BoyScouts"},{"name":"oGoose","uuid":"46341c6821d94e4b9b123aafdd2cdc78","rank":"leader","team":"Versace","rank2":"Host"},{"name":"Patrol","uuid":"53e1a5d09ec64d81950727bf5fb25e14","rank":"Member","team":"Versace"},{"name":"nouqt","uuid":"7a41b9622c914620bc856c5d0f0c4226","rank":"Member","team":"Versace","rank2":"Host"},{"name":"oopsiie","uuid":"38a8b3f19c2b4fd3b753ae37862103f2","rank":"Leader","team":"YAKUZA"},{"name":"Roucey","uuid":"6c636cdfcf0c4661b0542621aadbfd82","rank":"Member","team":"Versace"},{"name":"xKaizoku","uuid":"03f2124b63e242268602a502c4690f7e","rank":"leader","team":"Versace"},{"name":"mudsmokerqual","uuid":"52980b155598426280e2e3d4cef85cab","rank":"Member","team":"None"},{"name":"MintyTheKing","uuid":"e932c3a246bf46e08ca977dcd670605f","rank":"Member","team":"None"},{"name":"permeating","uuid":"3e66d588cd064e47947b8af5c6223f72","rank":"Member","team":"Versace"},{"name":"cuub","uuid":"f365d8ad3479442ab9bf109b2029dd46","rank":"Member","team":"YAKUZA"},{"name":"levring","uuid":"07e724d605d841f780ca437551692511","rank":"Member","team":"Versace"},{"name":"Kuuf","uuid":"4c723476233346158def511517e7c6ff","rank":"Member","team":"Versace"},{"name":"seols","uuid":"03972f91e9354fce9d1d78c87338ff1f","rank":"leader","team":"Unstable"},{"name":"Lisped","uuid":"e868b59199514be385729dc8cb9d0fd5","rank":"Member","team":"None","rank2":"Host"},{"name":"edwUrd","uuid":"8b90f19d1b1540189ed0442d355cbe4a","rank":"Member","team":"None"},{"name":"kolasl","uuid":"74a13c251382485ca83ffa2b7afd227b","rank":"Member","team":"None"},{"name":"ElMuerto","uuid":"cc79f1650e5f47709e8e7376eba3010d","rank":"leader","team":"BabyZoo","rank2":"Host"},{"name":"Y0STIN","uuid":"7fea5a6cd87d481880567a9788b1235f","rank":"Leader","team":"BabyZoo","rank2":"Referee"},{"name":"sharpeh","uuid":"c9317f5370304956a7ca200861fddbcf","rank":"Leader","team":"BabyZoo"},{"name":"mexicoo","uuid":"89fd5002f68f456e8c88829fad22ffac","rank":"Member","team":"W.W.O"},{"name":"polishlad","uuid":"ba7a6a9f11e74d68af6a19ac1d482854","rank":"Member","team":"None"},{"name":"Hackies","uuid":"a87076b1c6b8434d8732b1310fcc1112","rank":"Member","team":"BabyZoo"},{"name":"xiS","uuid":"82c7bf6a472946ffb8cae8a95be11a45","rank":"Member","team":"BabyZoo"},{"name":"TRIPHXY","uuid":"5749397cf0804b499c580df09de0bad4","rank":"Member","team":"Cadence"},{"name":"LittyAgain","uuid":"6bb1cd7f5635458d994f95f955d0afe4","rank":"Member","team":"W.W.O"},{"name":"Bengal","uuid":"6bd6fb5a74084641922414018af87b1c","rank":"Member","team":"None"},{"name":"Jacobay","uuid":"999f9aa7e66a481d80f5f8dabd2354d0","rank":"Advisor","team":"BabyZoo"},{"name":"riskgod","uuid":"dfdae3272921454d860c15de50976353","rank":"Member","team":"None"},{"name":"Cowwie","uuid":"f0933061a11942c493714bfbf95f1a69","rank":"Member","team":"BabyZoo"},{"name":"Bigpoppa","uuid":"ef88eb00032e4ff295d9e2bfd0386669","rank":"Host","team":"Ethereal"},{"name":"Lopa","uuid":"ba648977a49f4e09b60ea97d2c58d1e2","rank":"Member","team":"None"},{"name":"Bother","uuid":"9333fd9acca64237b3a526aedf10fe24","rank":"Member","team":"W.W.O"},{"name":"jinelle","uuid":"058ac77e0dfe4b9781d8e2cb27c0b9ad","rank":"Member","team":"None"},{"name":"Jewelo","uuid":"0fc0a1ab93084d5381e81ad4f47e69ff","rank":"Member","team":"None"},{"name":"Ruud04","uuid":"eaf061508274458baf2c5359dc3d36bd","rank":"leader","team":"RuudCake04"},{"name":"sefaerhuqwebjiud","uuid":"7ee174bc82f84ffe9ad3a66998e3edb1","rank":"member","team":"BoyScouts"},{"name":"Meq","uuid":"47b7f7fad44041b9904bcf5ec4e7ddc0","rank":"leader","team":"RuudCake04"},{"name":"SpookyBear1982","uuid":"9013815b016d417fba4c55760691fb2d","rank":"Member","team":"Ethereal"},{"name":"Michexl","uuid":"af09341912ef41aab40918e718df2816","rank":"Referee","team":"None","rank2":"Referee"},{"name":"Exacty","uuid":"6e01f8c6204541e68732f45badf8ef1f","rank":"leader","team":"None","rank2":"None"},{"name":"StepUncle","uuid":"e54dd5d99d8248bc95485fd0aa6b9737","rank":"media","team":"None","rank2":"None"},{"name":"Savantay","uuid":"4cf1746726174846a236c15e3533417b","rank":"Member","team":"BoyScouts","rank2":"None"},{"name":"Puritans","uuid":"85e479bc3cc041ecaee57e35c2b57ebd","rank":"Member","team":"BabyZoo","rank2":"None"},{"name":"BabyIrvin","uuid":"58f9ea281d4d43eaa777271d7f955eef","rank":"Member","team":"None","rank2":"None"},{"name":"Pineapple","uuid":"8727764de35f4f72b3a06487eebc50c3","rank":"Member","team":"None","rank2":"None"},{"name":"BAPLY300","uuid":"8481bcb47d7a4ea596bae43d3b0dcb2a","rank":"Member","team":"Cadence","rank2":"None"},{"name":"Saviour","uuid":"653651b9dda2415781a390d1be6f3abd","rank":"Member","team":"None","rank2":"None"},{"name":"GVJ","uuid":"ea921070d0d449929c73bad0748f29fe","rank":"Member","team":"None","rank2":"None"},{"name":"huuh","uuid":"8a60e44bb10f49508965952d61057143","rank":"advisor","team":"W.W.O","rank2":"None"},{"name":"Expirations","uuid":"4eca821a9d48439d971314fb839b109f","rank":"Member","team":"BoyScouts","rank2":"None"},{"name":"pulls","uuid":"3df7123cb95543d3a16c97930608284a","rank":"Member","team":"noof","rank2":"Advisor"},{"name":"Applicate","uuid":"8a3f6d59cf2146328e4ce063c32c5d2e","rank":"Member","team":"None","rank2":"None"},{"name":"denezel","uuid":"a70f6ebdae3847dc9f2c1d2550e04825","rank":"Member","team":"noof","rank2":"None"},{"name":"AAAMULI","uuid":"513e049984774f8eaf1bb25ef815baae","rank":"Member","team":"Teletubbies","rank2":"None"},{"name":"capricourn","uuid":"586e0edd91294388bf29aa3c20407ced","rank":"host","team":"BabyZoo","rank2":"None"},{"name":"PEORY","uuid":"300360965be0465fa809e3be34d8593b","rank":"leader","team":"Teletubbies","rank2":"None"},{"name":"pepay","uuid":"1ee08a8dd6004e3fbd5ab24210da56a0","rank":"Member","team":"None","rank2":"None"},{"name":"EBoyClown","uuid":"cfea01e4f21f4d9b9d2d1db4b9a7bf7a","rank":"Member","team":"None","rank2":"None"},{"name":"xabbi","uuid":"4be7834a024a4a4eb987f794bd88f44e","rank":"Leader","team":"Baddies","rank2":"None"},{"name":"crippled","uuid":"383973f86dc145ad864adbdb879634fb","rank":"media","team":"BabyZoo","rank2":"None"},{"name":"moodiest","uuid":"4c91b87210fe4a1b85cc2feec5eeb0f1","rank":"leader","team":"Unstable","rank2":"None"},{"name":"POERI","uuid":"d0c39d4fd8a24913ac7ebc9480cfd7f1","rank":"Member","team":"Teletubbies","rank2":"None"},{"name":"oakwood","uuid":"c31dab27d8c34b489083875133e9ba4b","rank":"Member","team":"None","rank2":"None"},{"name":"oakwood_","uuid":"7e6d661fb0bc44a794ae85bcc87755d7","rank":"leader","team":"Teletubbies","rank2":"None"},{"name":"BLANTEH","uuid":"9814187eba414b8184463b556cfb3c41","rank":"Member","team":"BoyScouts","rank2":"None"},{"name":"Poseidqn","uuid":"496f4cdb475f4e319afa5d008cd025b2","rank":"Member","team":"YAKUZA","rank2":"None"},{"name":"Joyful","uuid":"f7f8d84ddea24b45ba68b5bc77503e35","rank":"leader","team":"Teletubbies","rank2":"Advisor"},{"name":"Zoros","uuid":"cf8ed2a852704b3fab184fe5cab1ce22","rank":"Member","team":"None","rank2":"None"},{"name":"Skivzzy","uuid":"66251d8d4d0441699abf79f945b66ee4","rank":"leader","team":"LucidV3","rank2":"None"},{"name":"Jacksqn","uuid":"6f7fe13cb5374b62942b90c7eff179aa","rank":"leader","team":"LucidV3","rank2":"None"},{"name":"ghabby","uuid":"d3f8a4f0aaac46efb280f680d3feeb9f","rank":"Member","team":"Versace","rank2":"None"},{"name":"HellaCheesin","uuid":"fe3ccd9f158d4559ba1580479e33bb8d","rank":"Member","team":"LucidV3","rank2":"None"},{"name":"heii","uuid":"8b2a6277ce784631a1df3b63ec6fba3a","rank":"leader","team":"LucidV3","rank2":"None"},{"name":"Rheiin","uuid":"085b3bf0ef164ef6addd420e8a461834","rank":"Member","team":"BoyScouts","rank2":"None"},{"name":"1mejor","uuid":"996431fd030343a3b34444393916a42f","rank":"Member","team":"None","rank2":"None"},{"name":"lovefuls","uuid":"c36c0e1e8a2f42fda2ba89ec020e6177","rank":"Member","team":"None","rank2":"None"},{"name":"jennarinio","uuid":"52c774c2fd8941ac8ebd4e2df87a9426","rank":"Member","team":"None","rank2":"None"},{"name":"cihi","uuid":"f6dfa6b5a5324a8695e1609a17a0af9c","rank":"Member","team":"None","rank2":"None"},{"name":"Music","uuid":"8dbd88e400794353865fc7c97d585a48","rank":"Member","team":"None","rank2":"None"},{"name":"NathanOwO","uuid":"b70809d6d2894596b7dc11e199fd8c64","rank":"Member","team":"None","rank2":"None"},{"name":"Mezry","uuid":"888af137e8c444a4a59ef9ac06181d66","rank":"Leader","team":"Alpha","rank2":"None"},{"name":"Hearinq","uuid":"5c6b71e3dbdc41beb78bb83c7178095a","rank":"Member","team":"LucidV3","rank2":"None"},{"name":"C76","uuid":"c5a1f277e3024032959c4c27857a07ed","rank":"Member","team":"None","rank2":"None"},{"name":"Asyc","uuid":"6829f7166b7c4a72bb39b0d5d09b7198","rank":"Member","team":"LucidV3","rank2":"None"},{"name":"sinfuly","uuid":"d651dbadbc1e482ebd3ae6263c250d42","rank":"Member","team":"Teletubbies","rank2":"None"},{"name":"piercce","uuid":"fdbc9e13df564115b2e365af853e100a","rank":"Member","team":"None","rank2":"None"},{"name":"wtfshutup","uuid":"5b893cb7b1d14140b5a748ee760c16ed","rank":"Member","team":"None","rank2":"None"},{"name":"Cqptain","uuid":"a0db5658c12043eda7f63487b9b82b21","rank":"Member","team":"None","rank2":"None"},{"name":"IM_Zane","uuid":"174b00bce4e445ffb5909f22b820c3b0","rank":"Member","team":"RuudCake04","rank2":"None"},{"name":"2718281828459045","uuid":"4ef796dbd2e04bbeb6900a465595ccbf","rank":"Member","team":"RuudCake04","rank2":"None"},{"name":"dropoutkarle","uuid":"6a2e813ba1394212a5ec8e3f0df426e0","rank":"Member","team":"RuudCake04","rank2":"None"},{"name":"Dragonvase","uuid":"9ce8e56c6460417b82cad517de255e8d","rank":"Member","team":"RuudCake04","rank2":"None"},{"name":"Bloodbl4","uuid":"d057dd6eec5e406986439e5602746a9e","rank":"Member","team":"RuudCake04","rank2":"None"},{"name":"xioweemama","uuid":"6f90628997304f78a7149b282ae821e3","rank":"Member","team":"RuudCake04","rank2":"None"},{"name":"T4PS","uuid":"df07cea07b2a4daa95c798e4cbc4f3ae","rank":"Member","team":"RuudCake04","rank2":"None"},{"name":"Waffoh","uuid":"acdd6154ba534017a49b24da7cc1c877","rank":"Member","team":"RuudCake04","rank2":"None"},{"name":"bheu","uuid":"23dab6003dc04341bfc5893bfc420138","rank":"Member","team":"RuudCake04","rank2":"None"},{"name":"Aratatataa","uuid":"68d28fcd87d04140973d2d32c902bfb6","rank":"Member","team":"RuudCake04","rank2":"None"},{"name":"xAv3xBG","uuid":"28d4fbef5b2a44cf8d45a54f446e68d5","rank":"Member","team":"None","rank2":"None"},{"name":"Rayonce","uuid":"f428944f8ac24c82b7626c79c23bd8c9","rank":"Member","team":"RuudCake04","rank2":"None"},{"name":"rSam","uuid":"ea141d934dc441da89fb23b808bac783","rank":"Member","team":"RuudCake04","rank2":"None"},{"name":"Bxar_","uuid":"c7540a0a07e64ce7b08eb6eb54968992","rank":"Member","team":"RuudCake04","rank2":"None"},{"name":"everytimes","uuid":"f1e2e45b72c54b6bb8d2a00580032d87","rank":"Member","team":"RuudCake04","rank2":"None"},{"name":"lavic","uuid":"bbdf4ea75cdb491488b2e7b140ee27a1","rank":"Member","team":"noof","rank2":"None"},{"name":"Momma","uuid":"01619bd7ca2a45429c80dcbeecbf14d0","rank":"leader","team":"Alpha","rank2":"None"},{"name":"ZUK0","uuid":"9bb7bb96628f41aabe5b7594c302875a","rank":"Leader","team":"Alpha","rank2":"None"},{"name":"Nadri","uuid":"8456582f24e94e7caa8270a9a18a2d3a","rank":"Leader","team":"Alpha","rank2":"None"},{"name":"BeatGrandmas","uuid":"b6bbebae42534410bbfc7b8e3452adfa","rank":"Member","team":"None","rank2":"None"},{"name":"Nightshade0064","uuid":"a1dbdc266a5941b78fedf500117ef03a","rank":"Member","team":"None","rank2":"None"},{"name":"zeag","uuid":"d4539f22895c4e4db39289768aa7382f","rank":"Member","team":"None","rank2":"None"},{"name":"Revisits","uuid":"84a48cd76c0f478085f21ed26ce4d6f6","rank":"Member","team":"Alpha","rank2":"None"},{"name":"oJoey","uuid":"1c6f2e2eaf564b9f9e50897e995fd20e","rank":"Member","team":"Alpha","rank2":"None"},{"name":"Bauld","uuid":"4545ce937a9041cfaac3c312ce2abfce","rank":"Member","team":"None","rank2":"None"},{"name":"Jqbird","uuid":"7994fddf8cf442c4a9689e6e4cfd4697","rank":"Member","team":"noof","rank2":"None"},{"name":"donne_1992","uuid":"df42d56415a1438186b89c34bd94572b","rank":"Member","team":"None","rank2":"None"},{"name":"DaddyDaniel","uuid":"d616dc89029649d4a19ea03dfc1a563a","rank":"Member","team":"None","rank2":"None"},{"name":"luvkyle","uuid":"3dd266a5c9544dd48401e76ee81618d1","rank":"Leader","team":"Baddies","rank2":"None"},{"name":"veganicecream","uuid":"5843b76aa044404792aaebf17c18cf4e","rank":"Member","team":"Baddies","rank2":"None"},{"name":"sevids","uuid":"3a52e87cd3a0442688d9ef0d5dde1b66","rank":"Member","team":"None","rank2":"None"},{"name":"LookingDumb","uuid":"9711fe0997ae4afb81f44623580b6954","rank":"Member","team":"None","rank2":"None"},{"name":"amendaddy","uuid":"3b58e764319947e59e972380afb6db44","rank":"Member","team":"Baddies","rank2":"None"},{"name":"ksyla","uuid":"4d0fef2eab8248a99e00e32cd2e523b9","rank":"Member","team":"None","rank2":"None"},{"name":"zao","uuid":"1bccc0cacd604ee1aeea77c5cda2511f","rank":"Member","team":"None","rank2":"None"},{"name":"Elicits","uuid":"8a5c7186f73d495589caf66effd4618e","rank":"Member","team":"LucidV3","rank2":"None"},{"name":"marciyuh","uuid":"ff8f593425e34e6a81b897c0628a5182","rank":"Member","team":"None","rank2":"None"},{"name":"ahlly","uuid":"a650485fe9624e4c9610d792c0afde6c","rank":"Member","team":"None","rank2":"None"},{"name":"uglyafricans","uuid":"c61361fccd1f440eae14b6102459539d","rank":"Member","team":"LucidV3","rank2":"None"},{"name":"SadImages","uuid":"f0a1450cff314588a65b6a8f6a95fa1e","rank":"Member","team":"LucidV3","rank2":"None"},{"name":"saafl","uuid":"439479de8dfd44089ff0f36164a39029","rank":"Member","team":"Unstable","rank2":"None"},{"name":"Teeme","uuid":"9048649e8692492282269e9119b3fca2","rank":"Member","team":"LucidV3","rank2":"None"},{"name":"Azeal","uuid":"3386ed8c17464da4800d54ce6b363c9f","rank":"Member","team":"LucidV3","rank2":"None"},{"name":"shizune","uuid":"ae1d845e4a16406c9d3e1e0c4b96a502","rank":"leader","team":"Walmart","rank2":"None"},{"name":"donotssme","uuid":"88eb70c6da594f4db0d6f415748639a1","rank":"leader","team":"Walmart","rank2":"None"},{"name":"HeimerdingerBot","uuid":"b0abc47e544141a88b642570d2629812","rank":"Member","team":"None","rank2":"None"},{"name":"blackwizard","uuid":"a64634a733c64528a6f013d11263c8c6","rank":"Member","team":"Walmart","rank2":"None"},{"name":"sewrr","uuid":"ebf1de01b46e489d8b960e0e7b1cebf2","rank":"Member","team":"None","rank2":"None"},{"name":"BestMissouri","uuid":"c46762a145f844839c6e401dda152841","rank":"Member","team":"Walmart","rank2":"None"},{"name":"taygo","uuid":"60f604b3ae824193a04b558edb045f80","rank":"Member","team":"Walmart","rank2":"None"},{"name":"Lwow","uuid":"b7c2b6c273da45cda29edc701f62d464","rank":"Member","team":"Walmart","rank2":"None"},{"name":"Solarr","uuid":"2441d18934c74a769415b5f3c9409ea6","rank":"Member","team":"Walmart","rank2":"None"},{"name":"Tinges","uuid":"5ed6ea98cc7c4e118190dfd4fc1a3330","rank":"Member","team":"Walmart","rank2":"None"},{"name":"ZsZsZ","uuid":"4fb467ba33e94ed58952aad66d43ea39","rank":"Member","team":"None","rank2":"None"},{"name":"Rvth","uuid":"5de08f98ae6a490796765a89bce292ee","rank":"Member","team":"None","rank2":"None"},{"name":"devinsacutie","uuid":"95eba1bf6bd9452aae7becca29045e3e","rank":"Member","team":"None","rank2":"None"},{"name":"overcuts","uuid":"71cf6fd63e3741afa550e1dc88101c1b","rank":"Member","team":"None","rank2":"None"},{"name":"Soels","uuid":"f060256834304c6d88496f7f49f9e005","rank":"Member","team":"Versace","rank2":"None"},{"name":"Pleasance","uuid":"2c63ed6fac2049bf868aea4e27f0e055","rank":"Member","team":"None","rank2":"None"},{"name":"Kermly","uuid":"75023e0eae33407fb07d494f457680ef","rank":"Member","team":"None","rank2":"None"},{"name":"unfillable","uuid":"08df77403edd4e07afbfba308333da82","rank":"Member","team":"None","rank2":"None"},{"name":"xDaizy","uuid":"66fc321e07c84155a931ce9e9d7ffd16","rank":"Member","team":"RipTide","rank2":"None"},{"name":"RealOjWrld","uuid":"f2bc4ebfa6864367ad6f6f98cd5fdcfb","rank":"Member","team":"None","rank2":"None"},{"name":"YNWM3LLY","uuid":"70dc390f319f46c7ba953ed595bc0e3c","rank":"Member","team":"None","rank2":"None"},{"name":"rxll","uuid":"918871bbe7d246eaa865452495780c99","rank":"Member","team":"None","rank2":"None"},{"name":"GLOBALCAM","uuid":"aee1dc820f1640228119c49091997cc6","rank":"Member","team":"Cadence","rank2":"None"},{"name":"luvfuls","uuid":"829801b2ade2470288fca96ad3270155","rank":"Member","team":"None","rank2":"None"},{"name":"Saxy_","uuid":"58f90cc37f124de58962eef39674deca","rank":"Member","team":"None","rank2":"None"},{"name":"Rowteh","uuid":"0f028ed0b4ba4a80969cc614fc52e8c3","rank":"Member","team":"noof","rank2":"None"},{"name":"JUIC3WRLD","uuid":"8f6b22fc775943b7b72137e99b607084","rank":"Member","team":"None","rank2":"None"},{"name":"chqoss","uuid":"72e1ba2a9bc34a26b488c7148b816ae2","rank":"Member","team":"None","rank2":"None"},{"name":"Wallymart","uuid":"7ec07bf046894522bc6bd7ee5c987d2c","rank":"Member","team":"Unstable","rank2":"None"},{"name":"asdkajsdk","uuid":"8f8043d4078b484a91f18c2f57a24d9f","rank":"Member","team":"Unstable","rank2":"None"},{"name":"Clxez","uuid":"279d46c418a8450c88cbd7e421b1eeb8","rank":"Member","team":"YAKUZA","rank2":"None"},{"name":"Jet","uuid":"24aed5cfe8854c0bba06908c47522bfc","rank":"leader","team":"Gucci","rank2":"None"},{"name":"Hapis","uuid":"7d088803a81745c6bd98226243e185f2","rank":"leader","team":"Gucci","rank2":"None"},{"name":"JUUL","uuid":"84a9b8a808c345b18a650f90dba168f8","rank":"Member","team":"Gucci","rank2":"None"},{"name":"liltecca","uuid":"2a726262e16f4c12b58e180225d1c5a7","rank":"Member","team":"Gucci","rank2":"None"},{"name":"Even","uuid":"8c15d42a07524a0f9ad896134c7891e4","rank":"Member","team":"Gucci","rank2":"None"},{"name":"Stall","uuid":"42799bc5ee374c38b273e2c1fc3b0681","rank":"Member","team":"Gucci","rank2":"None"},{"name":"Did","uuid":"eb822ff64b8b4ec383ec466a15a7532a","rank":"Member","team":"Gucci","rank2":"None"},{"name":"Puke","uuid":"556b1ae49d7b434c938e441793d1a257","rank":"Member","team":"Gucci","rank2":"None"},{"name":"Jullia","uuid":"3c3daac427d74aca8e716e50ea621f68","rank":"Member","team":"Gucci","rank2":"None"},{"name":"Rillos","uuid":"1325e337243145c08f815c26ee0a593d","rank":"Member","team":"None","rank2":"None"},{"name":"Challenge","uuid":"088ededee6cf41ebab190159f3f4af53","rank":"Member","team":"None","rank2":"None"},{"name":"unshine","uuid":"0679c67f75d84f8da0e89e3b12d51ee1","rank":"Member","team":"None","rank2":"None"},{"name":"Jitr","uuid":"29b15038ecfe4064835c0002efdf4610","rank":"leader","team":"W.W.O","rank2":"None"},{"name":"Pyux","uuid":"b9e78ccfad8944e5830fb4d253ddbc23","rank":"Member","team":"None","rank2":"None"},{"name":"Milzay","uuid":"50928355ef714596887e1a80b153319e","rank":"Member","team":"W.W.O","rank2":"None"},{"name":"Twiiks","uuid":"abe9001a855441fb966a7acbeea96187","rank":"Member","team":"W.W.O","rank2":"None"},{"name":"Zarbon","uuid":"19827483cf3241ed9a01be5c69945b56","rank":"Member","team":"W.W.O","rank2":"None"},{"name":"Rowed","uuid":"9a1cc49de8c34db4aa5a36826ab41967","rank":"Leader","team":"W.W.O","rank2":"Management"},{"name":"Jiggle","uuid":"dbb9780070114e40bb187742c59a9e12","rank":"Member","team":"W.W.O","rank2":"None"},{"name":"sirkeno","uuid":"54ae0a31ff104b5ea3ff7dd439b797de","rank":"Member","team":"W.W.O","rank2":"None"},{"name":"huntmax","uuid":"a861ca6ba57945a7a18f1883889d190d","rank":"Member","team":"W.W.O","rank2":"None"},{"name":"alphanordey","uuid":"33abb655c2b748509f853e81b91a2e33","rank":"Member","team":"None","rank2":"None"},{"name":"tearstains","uuid":"d08bf3fb1bbd478695d7728a619240ab","rank":"Leader","team":"YAKUZA","rank2":"None"},{"name":"rodcad66","uuid":"93c78605d3f347048aeebf22803dd306","rank":"leader","team":"None","rank2":"None"},{"name":"oSheesh","uuid":"2e7de7110c4d402f9b104737c30780f4","rank":"Member","team":"None","rank2":"None"},{"name":"ILuvLilia","uuid":"5c5326b4fbf7436f8a302f9f49eee7a9","rank":"Member","team":"None","rank2":"None"},{"name":"Mael","uuid":"6e7763da39304dd78ff952c1dc58c0d9","rank":"Member","team":"None","rank2":"None"},{"name":"OhCrazy","uuid":"7a426d4f970b421a8ae7edd9c1dda03e","rank":"Member","team":"None","rank2":"None"},{"name":"LiquidGB","uuid":"3241ad5603244689afb5db0025c96686","rank":"Member","team":"None","rank2":"None"},{"name":"Alfie","uuid":"811134f3a8ff47ffadc84e1f2f2757a3","rank":"Member","team":"noof","rank2":"None"},{"name":"Kansai","uuid":"e8cfea1b053946ef945fc08d7e6d749e","rank":"Member","team":"None","rank2":"None"},{"name":"MCLProof","uuid":"8bdd0b05b4d943778a680c098ab3718c","rank":"Member","team":"None","rank2":"None"},{"name":"BotSpam","uuid":"ca22a84ed99d4d9996c67bc4895a58df","rank":"Member","team":"None","rank2":"None"},{"name":"Breakaway","uuid":"d15a6e47983f430c9d276a7eef6e0723","rank":"Member","team":"None","rank2":"None"},{"name":"ParkerIsDaddy","uuid":"6c22fb00538149f29c6bad1658a1f878","rank":"Member","team":"None","rank2":"None"},{"name":"shober","uuid":"01dfd83bcb774475bd46584ced9be6fc","rank":"Member","team":"None","rank2":"None"},{"name":"Sohber","uuid":"92d4af479b334452aa843cdafe91d6a7","rank":"Member","team":"Versace","rank2":"None"},{"name":"Qikko","uuid":"3cf57860b8d743a29ef42613ea149539","rank":"Member","team":"DogEaters","rank2":"None"},{"name":"Kurzide","uuid":"0a3a2166441e45bc9ce3e6667f42495c","rank":"leader","team":"DogEaters","rank2":"None"},{"name":"Bauo","uuid":"2ad0bb3acc974bc58a04fe11c1dc3f02","rank":"leader","team":"None","rank2":"None"},{"name":"lilxanex","uuid":"794d4eb4d8db47e8a4c0886f57290f6d","rank":"Member","team":"DogEaters","rank2":"None"},{"name":"OniChqn","uuid":"a6a8cb9869db472491145b6257e8fdc0","rank":"Member","team":"DogEaters","rank2":"None"},{"name":"Lighthoz","uuid":"9765d218e5b54e4d8718dd92af517ee2","rank":"Member","team":"DogEaters","rank2":"None"},{"name":"YourFavouriteJew","uuid":"2ebf0ca8520241d284cfc19ae0e594c6","rank":"Member","team":"DogEaters","rank2":"None"},{"name":"aythan","uuid":"da25674207ea427790bd5d11d565df42","rank":"Member","team":"DogEaters","rank2":"None"},{"name":"abyssrunner","uuid":"adfe4c4582b549d796088f5990bf244d","rank":"Member","team":"None","rank2":"None"},{"name":"jinch","uuid":"6c898d0e64754ac4bd68f9ed4e661727","rank":"Member","team":"None","rank2":"None"},{"name":"Armors","uuid":"0db6530f63b645d1a1310e3b65fc6c3a","rank":"Member","team":"None","rank2":"None"},{"name":"Rvsie","uuid":"6726be4b9b5246d78d592da8ef164adb","rank":"Advisor","team":"None","rank2":"None"},{"name":"Ethos","uuid":"b23305b3c01841a2b74e68a7e20c6ee8","rank":"leader","team":"None","rank2":"None"},{"name":"Shyxn","uuid":"7a56b003d228416a9f9f8612d6703a82","rank":"Member","team":"None","rank2":"None"},{"name":"StraightZtupid","uuid":"4950886be5e2485bbb3b11d79b023a38","rank":"Member","team":"None","rank2":"None"},{"name":"tiesu","uuid":"49ff64e950b0411dabf0b4e8b17c8b50","rank":"leader","team":"None","rank2":"None"},{"name":"ynw","uuid":"629565f87dfa49b4b87b2c8a4184208a","rank":"Member","team":"None","rank2":"None"},{"name":"BL00DIES","uuid":"0afbdf1eb3574b79a1fc4e6141e488ff","rank":"Member","team":"None","rank2":"None"},{"name":"ros","uuid":"30cac80eb02549a0912f675f475e6e97","rank":"Leader","team":"Baddies","rank2":"None"},{"name":"Reincarnated","uuid":"b78dea55a61b4d679962064b31ce0d0c","rank":"Member","team":"None","rank2":"None"},{"name":"glizok","uuid":"f55f7d3223ac4e41aa0b4d04cc7d5174","rank":"Member","team":"Walmart","rank2":"None"},{"name":"smcsh","uuid":"ce73411be900408298bb59fe20dd78e7","rank":"Leader","team":"YAKUZA","rank2":"None"},{"name":"SUPERTIRED","uuid":"86afac92ba4449bbba7d9cc07c923544","rank":"Member","team":"Unstable","rank2":"None"},{"name":"Stopet","uuid":"c1c534ce5ef34840820fe45b40d98cc2","rank":"Member","team":"Versace","rank2":"None"},{"name":"Hackzide","uuid":"b52b572c566148c98d00de109c29a8c2","rank":"Member","team":"W.W.O","rank2":"None"},{"name":"dehvil","uuid":"604f61eed0ee4fe88cbe772fd02a5867","rank":"Member","team":"None","rank2":"None"},{"name":"Ramed","uuid":"43fac69591e64b95ad9072a37638d414","rank":"Member","team":"BoyScouts","rank2":"None"},{"name":"Rames","uuid":"0be563086f4947ba8b6c7f41a259b4bb","rank":"Member","team":"None","rank2":"None"},{"name":"Bap","uuid":"ebb896b77d8b42af80e384ab3e51e2c2","rank":"Member","team":"None","rank2":"None"},{"name":"NoHint","uuid":"cf0bb117e92147a0bb82ec2273fb4771","rank":"Member","team":"None","rank2":"None"},{"name":"aolei","uuid":"62d2eab489a24f2283f8d93e0336fe83","rank":"Member","team":"None","rank2":"None"},{"name":"PeytonSam","uuid":"0af5b49f6bcf4fb69242b4e4119ba395","rank":"Member","team":"None","rank2":"None"},{"name":"ImposterK","uuid":"225db8958bb343cdacfdc12ea54ad395","rank":"Member","team":"None","rank2":"None"},{"name":"Rod","uuid":"1e80df6353ea4900af0b629531170814","rank":"Member","team":"None","rank2":"None"},{"name":"fishyknickers21","uuid":"3aeb1e67f0cf401a91c21c3f040c8128","rank":"Member","team":"None","rank2":"None"},{"name":"Luyh","uuid":"92eb8b4d63a64c7183a9f1518ec94db4","rank":"Member","team":"None","rank2":"None"},{"name":"Godha","uuid":"d0623ea6a02643b5bd123cb983bc530a","rank":"Member","team":"None","rank2":"None"},{"name":"Javlin","uuid":"1654b6c5e34e495ca248e1c543bdca8b","rank":"Member","team":"Cadence","rank2":"None"},{"name":"1Shot","uuid":"3d25c6ff351a49e088d05982ba96d97b","rank":"Member","team":"None","rank2":"None"},{"name":"1Shot2TheHead","uuid":"4150c8d4b53e4901994cac5283baa40c","rank":"Member","team":"None","rank2":"None"},{"name":"Hcg","uuid":"0c0a673f149042798bb0f7a0735bab9b","rank":"Member","team":"Alpha","rank2":"None"},{"name":"cuwa","uuid":"cfd7e51990de41dda0d5cef3ff97579e","rank":"Member","team":"None","rank2":"None"},{"name":"Cruced","uuid":"21960e22315e48db857ac5d2e0310f94","rank":"Member","team":"None","rank2":"None"},{"name":"Sew","uuid":"dff4157b9b3d4011aa48433824090e59","rank":"Member","team":"None","rank2":"None"},{"name":"malaea","uuid":"a507689464a54409b908db3eb9b2103c","rank":"Member","team":"Cadence","rank2":"None"},{"name":"bloodies","uuid":"afaf263e3e084f64aa646ac32643e335","rank":"Leader","team":"Brutal","rank2":"None"},{"name":"draxgons","uuid":"66589c14af8e4e0698112689adc8b213","rank":"Member","team":"None","rank2":"None"},{"name":"Caakes","uuid":"74efd4c339104fb89340b72eeb32c933","rank":"Member","team":"Unstable","rank2":"None"},{"name":"Trip","uuid":"27ad56e8c47e491092f014699f9d5544","rank":"Member","team":"None","rank2":"None"},{"name":"Poopify","uuid":"6eb91ca902df40d3807b388259d087a1","rank":"Member","team":"Walmart","rank2":"None"},{"name":"Darragh","uuid":"4888c5c07efc4c46a3b555c26d1ffcbe","rank":"Member","team":"None","rank2":"None"},{"name":"A0RA","uuid":"7eb83c814aff45278f4608cacae1927d","rank":"Leader","team":"None","rank2":"None"},{"name":"Shotcall","uuid":"ee3e6c247ef14766a17044083cb20373","rank":"Member","team":"None","rank2":"None"},{"name":"joy","uuid":"d5fa6d77cb1f48918125c5f351c88c0d","rank":"Member","team":"None","rank2":"None"},{"name":"Craftings","uuid":"fa0f6f99155e48b2b76c147441d4cb33","rank":"Member","team":"Walmart","rank2":"None"},{"name":"Ageism","uuid":"7a311196441d4f878a0399441a71179b","rank":"Member","team":"None","rank2":"None"},{"name":"SoftBow","uuid":"1a9cf0bd52be403c9de5f28c26c7d66a","rank":"Member","team":"None","rank2":"None"},{"name":"God","uuid":"bc27afd76889481197c9135ee46cdabc","rank":"Member","team":"None","rank2":"None"},{"name":"Screamings","uuid":"984f8639b86a4a56bd4d6823afecddf0","rank":"Member","team":"noof","rank2":"None"},{"name":"Tuckle","uuid":"223b68ed6a2547f8a7d825761ee022a3","rank":"Member","team":"W.W.O","rank2":"None"},{"name":"Catheter","uuid":"91ffa0edf9b348afb398fe5290e9a146","rank":"Member","team":"None","rank2":"None"},{"name":"Christly","uuid":"0d7c02ecd53e4aebb181726db231c39a","rank":"Member","team":"None","rank2":"None"},{"name":"6043968689","uuid":"ac37f35342264657a33ac3ee7fd9ec15","rank":"Member","team":"None","rank2":"None"},{"name":"Sev","uuid":"9cbb41520f6846888cd26e20bf5ca70f","rank":"Member","team":"None","rank2":"None"},{"name":"drawp","uuid":"bc60f3460c704034a308a239289370b1","rank":"Member","team":"None","rank2":"None"},{"name":"Dreamer420","uuid":"ee304eff566c4f4ca9cc54e1f316add8","rank":"Member","team":"None","rank2":"None"},{"name":"xAkz","uuid":"95f5146d9ae7417cac7987b3f658678c","rank":"Member","team":"None","rank2":"None"},{"name":"ZeroResults","uuid":"24c40d52649445998fd5b5b0b3e2fb06","rank":"Member","team":"None","rank2":"None"},{"name":"Unfamiliarized","uuid":"891100f8d30c42d790f79e798cfbbc78","rank":"Member","team":"None","rank2":"None"},{"name":"Vump","uuid":"3e249a13952f4d37a4a1275593931bc2","rank":"Member","team":"None","rank2":"None"},{"name":"drz","uuid":"848efa6bc3c54a83871d887da6326193","rank":"Member","team":"None","rank2":"None"},{"name":"sweaf","uuid":"e21ecfd06e49447bb9beecb17e6ba741","rank":"Member","team":"None","rank2":"None"},{"name":"Hawkkie","uuid":"5d4ba4b6a22c4aa4aa7e30244a4b6bd4","rank":"Member","team":"None","rank2":"None"},{"name":"HolyCombo","uuid":"dae552b500bd4c8ba5a90f9b2469098a","rank":"Member","team":"Walmart","rank2":"None"},{"name":"FreeBeez","uuid":"eb04c03e5be14037825867cadc0e07c1","rank":"Member","team":"DogEaters","rank2":"None"},{"name":"Guppeh","uuid":"b0a250eb9a864753bcdfaed8629b67b4","rank":"Member","team":"DogEaters","rank2":"None"},{"name":"Nickavocado","uuid":"98b3ae9760ca4a448ed3bb32492a06d2","rank":"Member","team":"DogEaters","rank2":"None"},{"name":"Deprive","uuid":"855612acad774b31bea9009b8886182a","rank":"Member","team":"None","rank2":"None"},{"name":"Syrian","uuid":"8c123f8f70a54987a7bf9f97e367fa93","rank":"Member","team":"None","rank2":"None"},{"name":"Sharp","uuid":"3f43076400c54041b6c8867fc138b5ef","rank":"Member","team":"None","rank2":"None"},{"name":"KeepWatching","uuid":"8e6fccdfbe46469ba542e3858de80619","rank":"Member","team":"None","rank2":"None"},{"name":"eMoa","uuid":"9f75e5c06345475f82f90e7d7969d602","rank":"Member","team":"None","rank2":"None"},{"name":"Vious","uuid":"b20e04e3de614ddeb0245f5b4832328b","rank":"Leader","team":"noof","rank2":"None"},{"name":"Dev","uuid":"5084e6f38f5443f18df51dca109e430f","rank":"Member","team":"None","rank2":"None"},{"name":"Xyrin","uuid":"c539d68ace7541bca49d96ebe94d081b","rank":"Member","team":"noof","rank2":"None"},{"name":"potla","uuid":"e8d8a7fe934243f78d9eb4d0c2ddefd8","rank":"Member","team":"noof","rank2":"None"},{"name":"Jaysoff","uuid":"c219f83215854274aefe1ce8835574a2","rank":"Member","team":"noof","rank2":"None"},{"name":"DENEZ","uuid":"e5308fb681e848f9bf3749c66a6138ca","rank":"Member","team":"None","rank2":"None"},{"name":"Row","uuid":"9d0ac66dd9d04b55901f103a78344d7b","rank":"Member","team":"None","rank2":"None"},{"name":"drxgons","uuid":"72e654e8748242a3a77122e606fdada4","rank":"Member","team":"None","rank2":"None"},{"name":"f7bytn6rv5m7n9g","uuid":"a8fb866a3d9a4ccf9ddf2e8f9daa4a8c","rank":"Member","team":"Alpha","rank2":"None"},{"name":"Hosted","uuid":"cec63b61e6194c0a8209da248551cfd8","rank":"Member","team":"Alpha","rank2":"None"},{"name":"FadolFraudIronic","uuid":"0c5dbd6ed5d34d4d80d1dc44a4dee5c3","rank":"Member","team":"Ethereal","rank2":"None"},{"name":"Shtynk","uuid":"9a843310823542b5aac8af2c51ca5b09","rank":"Member","team":"None","rank2":"None"},{"name":"12xp","uuid":"aa4d8349d51d4e42b7e262fce54596f5","rank":"Member","team":"None","rank2":"None"},{"name":"Halsey","uuid":"a44f10b5011e46e3899a9355eb13261a","rank":"Member","team":"None","rank2":"None"},{"name":"LILCOWWIEVERT","uuid":"660e4205b2894c109c195f950118af34","rank":"Member","team":"None","rank2":"None"},{"name":"Kurrai","uuid":"91009f1769ff4291b72ee9a06f2c13bd","rank":"Leader","team":"None","rank2":"None"},{"name":"bivion","uuid":"a23ea15d55594a48aa1658cde073b5f9","rank":"Referee","team":"None","rank2":"None"},{"name":"snvw","uuid":"368facc516fb43bbac16baab287b5fc3","rank":"Leader","team":"BabyZoo","rank2":"None"},{"name":"ImNotSaviour","uuid":"9a44c5e69b4c437e92077463aeecfd8f","rank":"Member","team":"None","rank2":"None"},{"name":"tbecki04","uuid":"71a40f0463a04efe88575ae5d2bd7bb0","rank":"Member","team":"None","rank2":"None"},{"name":"invence","uuid":"7c666b872ff44507a99ba3c5d0fc74ac","rank":"Member","team":"None","rank2":"None"},{"name":"Gassr","uuid":"5a6c6ee5ef614c94b77071530647231a","rank":"Member","team":"Teletubbies","rank2":"None"},{"name":"AsherDasher","uuid":"e182929c20524166a6ce92707da9eef9","rank":"Member","team":"None","rank2":"None"},{"name":"Quarante","uuid":"ef6334cfb1ed4f058a8269d774c9e3d0","rank":"Member","team":"None","rank2":"None"},{"name":"Camroo","uuid":"fa91c51197f64f17a835b2fbd7cac49a","rank":"Member","team":"None","rank2":"None"},{"name":"lsna","uuid":"845ddaada5da4edea5e6a51935172571","rank":"Member","team":"None","rank2":"None"},{"name":"LookingCute","uuid":"d2ba799c24394ce09eba4dc8a945583c","rank":"Member","team":"None","rank2":"None"},{"name":"ChampSky37","uuid":"4d66807a92cc47bbb5f640d39515185a","rank":"Member","team":"None","rank2":"None"},{"name":"zhaleh","uuid":"e42851714c98437a804d0f08c36beb3d","rank":"Member","team":"None","rank2":"None"},{"name":"TEKHOSHI69","uuid":"1ddfd045cf5445bb99ee6a5084c42bc0","rank":"Member","team":"None","rank2":"None"},{"name":"qvti","uuid":"b4fa0639513f49028c02086f9e3e4cbc","rank":"Member","team":"None","rank2":"None"},{"name":"uuf","uuid":"259111694c07439f93e44033184648a1","rank":"Member","team":"Ethereal","rank2":"None"},{"name":"Green","uuid":"2e65b6847a2f4dd4ac80f61a6a6adfe5","rank":"Member","team":"None","rank2":"None"},{"name":"Mal","uuid":"35dda1ee8cdf41e4962df909ebbef4bc","rank":"Member","team":"None","rank2":"None"},{"name":"Klovor","uuid":"2b0f470224ea438eb1e3ab06dd5b518e","rank":"Leader","team":"BoyScouts","rank2":"None"},{"name":"huux","uuid":"9ad32ff1a3e94fdd824771e34c7c7504","rank":"Member","team":"RuudCake04","rank2":"None"},{"name":"indera","uuid":"9988e68b7e474ba8b8d4ca334af317a8","rank":"Leader","team":"Cadence"},{"name":"Zaquez","uuid":"3a64dcf45d71466480bf4e5c54e41b86","rank":"Member","team":"noof","rank2":"None"},{"name":"Rosie","uuid":"ee2e16be700046c4bb48528965153343","rank":"Member","team":"None","rank2":"None"},{"name":"YESSIRSKlll","uuid":"c9593f50b1d148b4b2f068658715e4ca","rank":"Member","team":"None","rank2":"None"},{"name":"Pateks","uuid":"948cd0dec73347049228083f5e17d234","rank":"Member","team":"None","rank2":"None"},{"name":"ignRailed","uuid":"182a8e835dc6414b843b3af089e71368","rank":"Member","team":"Unstable","rank2":"None"},{"name":"DoTheJuice","uuid":"e51bc715108d4bac8086eb7ae8b3c4b0","rank":"Leader","team":"RipTide","rank2":"None"},{"name":"JOYF","uuid":"f71194029e2046da8d472a66bcd9777c","rank":"Member","team":"None","rank2":"None"},{"name":"Scholar","uuid":"edd4169895794627a8e71f21d37c5b71","rank":"Member","team":"None","rank2":"None"},{"name":"LTS","uuid":"b4c7524df2d84579ac94b6a749061824","rank":"Member","team":"None","rank2":"None"},{"name":"posals","uuid":"9bda7a00ae0741c0bef8e19ae90291e6","rank":"Member","team":"None","rank2":"None"},{"name":"list","rank":"Member","team":"None","rank2":"None"},{"name":"Doona","uuid":"7d9e28ab715a434caf7301ffe9905b8a","rank":"Member","team":"Alpha","rank2":"None"},{"name":"puRit","uuid":"806632be484d4efda039da3c49a3fb9c","rank":"Member","team":"None","rank2":"None"},{"name":"lumenium","uuid":"6b30bda0f4e74b29ae9bb5a0f5c135b6","rank":"Member","team":"None","rank2":"None"},{"name":"lunchable","uuid":"85882389e7a247d88851dbb94e2e2c4e","rank":"Member","team":"None","rank2":"None"},{"name":"10ed","uuid":"bfaf85e33ef84a2da63353cb9f7cce46","rank":"Member","team":"None","rank2":"None"},{"name":"Winterpenguins","uuid":"83df87fc386e44449d575ef3c92ff2ad","rank":"Member","team":"Unstable","rank2":"None"},{"name":"CozyHiro","uuid":"8a8b434c9d694f54a15144f630b9bf06","rank":"Member","team":"Alpha","rank2":"None"},{"name":"Triagulum","uuid":"7786f26a323040ef8be1f319cd93c216","rank":"Member","team":"Alpha","rank2":"None"},{"name":"ShtynkJr","uuid":"fef8e13803424419a696d8de80bc0692","rank":"Member","team":"Alpha","rank2":"None"},{"name":"WASTEMANKANE","rank":"Member","team":"None","rank2":"None"},{"name":"WASTEMANKANE","uuid":"64ac19688c064cecbbdc6df28a1e3911","rank":"Member","team":"None","rank2":"None"},{"name":"Pierrce","uuid":"16117d3bdf814f4dbf15bde88bfea9f8","rank":"Member","team":"None","rank2":"None"},{"name":"Potzeh","uuid":"0d966e85d87941e9be77a0ebc9e50ae5","rank":"Member","team":"None","rank2":"None"},{"name":"Cqmren","uuid":"eeef0e4d86fe49e6b7b76caf4cd6e58b","rank":"Member","team":"None","rank2":"None"},{"name":"Frozone","uuid":"56805ae927a24d6bb3e6d46eee2255f6","rank":"Member","team":"None","rank2":"None"},{"name":"Rugbeh","uuid":"80ff76ad1e054c6f86e59d097567482a","rank":"Member","team":"Versace","rank2":"None"},{"name":"katashi","uuid":"b33ab59e79394c9383087aead4f62cbe","rank":"Member","team":"noof","rank2":"None"},{"name":"Dawthon","uuid":"f610e558a3c844fb862268cc49dbc18f","rank":"Member","team":"None","rank2":"None"},{"name":"Dog_Lover2010","uuid":"77e6da023be34156a8014e3c041a8a3b","rank":"Leader","team":"Unstable","rank2":"None"},{"name":"oBananaBread","uuid":"f61c004328fd406fa54c86e2ad720b73","rank":"Member","team":"BoyScouts","rank2":"None"},{"name":"Zorr_","uuid":"3e21f81084ff47158e5d40c86c535603","rank":"Member","team":"None","rank2":"None"},{"name":"Parker","uuid":"e412d9d153df47029731151744960c56","rank":"Member","team":"None","rank2":"None"},{"name":"OnTheBody","uuid":"612ba4d2f58d40c3a28dc275aea31bcb","rank":"Member","team":"None","rank2":"None"},{"name":"ShineSpiked","uuid":"e2a4458943174403b7390acfc3122507","rank":"Management","team":"None","rank2":"None"},{"name":"CrimsonLotus3","uuid":"08b166e5caa94fd493b56c95e35e2141","rank":"Member","team":"Teletubbies","rank2":"None"},{"name":"xxVo","uuid":"6e7f09599b9f4040b4b84aaec86a6645","rank":"Member","team":"None","rank2":"None"},{"name":"Hailoh","uuid":"651b0c18f4fd4bcdbe89deac2de15653","rank":"Member","team":"None","rank2":"None"},{"name":"Subinancy","uuid":"f73d11c59ec841c6a3dbcc453cd367f7","rank":"Member","team":"None","rank2":"None"},{"name":"Meqt","uuid":"70e972551107483aa78e3c0523cfe272","rank":"Member","team":"None","rank2":"None"},{"name":"megt","uuid":"f123cdfc239c413d8c9c64f4fbd336e3","rank":"Member","team":"Unstable","rank2":"None"},{"name":"eWalrus","uuid":"c35681bdafce42f8a635c18b01585dff","rank":"Leader","team":"RipTide","rank2":"None"},{"name":"EliteDarkKnight","uuid":"60ef70865d4744b6ac011b446e120929","rank":"Member","team":"None","rank2":"None"},{"name":"Omleto","uuid":"537b93010abf4d51b2be6f26040eb941","rank":"Member","team":"None","rank2":"None"},{"name":"divorcment","uuid":"d54f17ceb6e84929969a45af834f7a00","rank":"Member","team":"None","rank2":"None"},{"name":"Mqniqc","uuid":"42aabf100b12469e9b62d3d79349ca86","rank":"Member","team":"None","rank2":"None"},{"name":"Shiruzo","uuid":"9db7ef803e4049c580b7ad09581f63bc","rank":"Member","team":"None","rank2":"None"},{"name":"Wal","uuid":"44cc976c7cc9423caebae425ad7dd157","rank":"Member","team":"None","rank2":"None"},{"name":"DUKEDUECE","uuid":"6f63c0cf3c4b4872a0eabdf0fe50d293","rank":"Member","team":"None","rank2":"None"},{"name":"Carizard","uuid":"3115c2a561804f978343cbb8e2d76081","rank":"Leader","team":"Brutal","rank2":"None"},{"name":"States","uuid":"9e0eeac8a5a8431d8898208d7575fcd2","rank":"Member","team":"Brutal","rank2":"None"},{"name":"zerks","uuid":"e33ef495c37c410490bfe5533918c245","rank":"Member","team":"Brutal","rank2":"None"},{"name":"yogos","uuid":"6bde82b8cbcf4b89a1fd44f58d6a00c0","rank":"Member","team":"Brutal","rank2":"None"},{"name":"GestoX","uuid":"f18f82531f62463182b36b14e58fccb7","rank":"Member","team":"None","rank2":"None"},{"name":"BreakkAway","uuid":"87f95763476445599a753a9d673a7d23","rank":"Member","team":"None","rank2":"None"},{"name":"Proshy","uuid":"0b9d26b78dd84109aa6161c087cbe0a2","rank":"Leader","team":"RipTide","rank2":"None"},{"name":"Pregg","uuid":"5beb457d05654d26b79a89feaa1def9f","rank":"Leader","team":"RipTide","rank2":"None"},{"name":"Twitching_","uuid":"563089dc4e9d4d428168fcd204fbfe72","rank":"Member","team":"RipTide","rank2":"None"},{"name":"DissTracks","uuid":"0a63d3e1f9af498d94775e0aa9515f9a","rank":"Member","team":"RipTide","rank2":"None"},{"name":"Mushram","uuid":"f4d5e9afdfb544f1b0f5e98be3f9c1af","rank":"Member","team":"Baddies","rank2":"None"},{"name":"velveht","uuid":"bb382c09c6554460abcfabfe372e7fb4","rank":"Member","team":"Baddies","rank2":"None"},{"name":"khya","uuid":"262f436eaecc4469a888f842479ad3ab","rank":"Member","team":"Baddies","rank2":"None"},{"name":"BLANKETINGS","uuid":"6fe7e98628d8421c84cc51fc5eb10fb7","rank":"Member","team":"None","rank2":"None"},{"name":"amhy","uuid":"b324da1e9b5e4805af81fa0caaf4cbd6","rank":"Member","team":"None","rank2":"None"},{"name":"theslapdotcom","uuid":"bd5326c1cfde45a9b346fa3d1ccb8649","rank":"Member","team":"None","rank2":"None"},{"name":"Pinacoladaa_","uuid":"de5449fb849b49de86dee7859a2f12bb","rank":"Member","team":"None","rank2":"None"},{"name":"uglyhenry","uuid":"b444c6abddcb4736aa5ca0a8f1b9b428","rank":"Member","team":"None","rank2":"None"},{"name":"Skippvr","uuid":"4a2f2bd8a855486599959061d3733362","rank":"Member","team":"None","rank2":"None"},{"name":"teehee","uuid":"8ca0c254bc4f44abb76305638da02530","rank":"Member","team":"None","rank2":"None"},{"name":"hwta","uuid":"6f4b815c09f5464e9c301361c1ffe9d9","rank":"Member","team":"None","rank2":"None"},{"name":"xograntt","uuid":"c0cb8339d41246afbb71bbe6bed3181c","rank":"Member","team":"None","rank2":"None"},{"name":"xochels","uuid":"cdc2b8280f33404ca935e173696ea232","rank":"Member","team":"None","rank2":"None"},{"name":"YESSIRSKllI","uuid":"799d5547671f49a08b72995e081bbfd1","rank":"Member","team":"None","rank2":"None"},{"name":"engorge","uuid":"09d01e2e9cbc4ba7adf811b1e1652433","rank":"Member","team":"None","rank2":"None"},{"name":"Zict","uuid":"2e59f5ee5af142c7b9d42ad3a8e9eb2a","rank":"Member","team":"None","rank2":"None"},{"name":"Frazurqe","uuid":"8a2eca5ca3d54484be261d9290f0066a","rank":"Member","team":"None","rank2":"None"},{"name":"civies","uuid":"9edba7efcf5d4ddb99078a106bb23bdb","rank":"Member","team":"None","rank2":"None"},{"name":"Dominancy","uuid":"fad1b89e05c9436088e63c6ee3793f85","rank":"Member","team":"None","rank2":"None"},{"name":"Unblocking","uuid":"acf13a76080f403886d926aff729ba38","rank":"Member","team":"Unstable","rank2":"None"},{"name":"BardSets","uuid":"ca6308c7e2df448fb0a3e6f1732eb44c","rank":"Member","team":"None","rank2":"None"},{"name":"Twitching","uuid":"c28a1a699e82459aaa3d5f68be01e6ac","rank":"Member","team":"None","rank2":"None"},{"name":"Nufs","uuid":"1a56bd2a6c7e4075ba454c27bbce0ef7","rank":"Leader","team":"BoyScouts","rank2":"None"},{"name":"XenonTron","uuid":"51517e3dc7fc4bc1895a5fcf85725e48","rank":"Member","team":"BoyScouts","rank2":"None"},{"name":"Vaporistic","uuid":"07bd43d3a8f747f4b0b0f8d2cb6fd900","rank":"Member","team":"Brutal","rank2":"None"},{"name":"Nucy","uuid":"0f63f75a3f834956b6b99bf6e1c2c223","rank":"Member","team":"Brutal","rank2":"None"},{"name":"Limassol","uuid":"cbfe4f39a54d4c57bf0651f80deca7a9","rank":"Leader","team":"Brutal","rank2":"None"},{"name":"T4yK47","uuid":"ba667a7424da454ab252ad9f5c3cdf1b","rank":"Member","team":"Brutal","rank2":"None"},{"name":"BM5","uuid":"5bf1ad6a2f8c454d85945bf9aa6ebd63","rank":"Member","team":"Baddies","rank2":"None"},{"name":"raked","uuid":"c72b1c5424a6465587e65931cca85577","rank":"Member","team":"None","rank2":"None"},{"name":"Speedemon007","uuid":"956343367e6a47b5b8a290383fee311f","rank":"Member","team":"None","rank2":"None"},{"name":"Culver","uuid":"a9b029dea0914d58aced5fd2e641fb27","rank":"Member","team":"BabyZoo"},{"name":"iMeepo","uuid":"cd8de08107aa42c188132467b337efb5","rank":"Member","team":"Cadence","rank2":"None"},{"name":"BSUMEMBERFOCUS","uuid":"bb91967df28b46bbbd362c801bf54444","rank":"Member","team":"DogEaters","rank2":"None"},{"name":"StevesBro","uuid":"2006ad065a7c4063b913fb39cb739387","rank":"Member","team":"None"},{"name":"still_a_steve","uuid":"61a449c024e14d3a915bb8c1b9232e27","rank":"Member","team":"None"},{"name":"Passengers","uuid":"c3419767f5bd43708a79d56b991455df","rank":"Member","team":"None","rank2":"None"},{"name":"Oopsiee","uuid":"bbf29d62e6e549baaa8deb40e43ba9d5","rank":"Member","team":"None","rank2":"None"},{"name":"Nationalism","uuid":"29e6657b4db2415993083e30e60a2952","rank":"Member","team":"None","rank2":"None"},{"name":"stingrokkan","uuid":"c43bbc0728d14975bdb6c1f2c7a47449","rank":"Member","team":"None","rank2":"None"},{"name":"Lewkins","uuid":"97de627e7edf4ed7a1a9bfa65ddb8246","rank":"Member","team":"Baddies","rank2":"None"},{"name":"Subtropics","uuid":"2bab0e0525614e51b214849e569a865e","rank":"Member","team":"Baddies","rank2":"None"},{"name":"Rastik","uuid":"c3476569d3e44b438b09ddcda970f32d","rank":"Member","team":"Baddies","rank2":"None"},{"name":"snikz","uuid":"b16392f0184b4758b7faef78c2d597e4","rank":"Member","team":"Baddies","rank2":"None"},{"name":"relook","uuid":"b9d3548829c84d3380a62c9b564cbdef","rank":"Member","team":"Baddies","rank2":"None"},{"name":"leanlane","uuid":"cb8b2387785d420e89965453d153d9ad","rank":"Member","team":"Unstable","rank2":"None"},{"name":"Lotas","uuid":"322695dae0aa49d6b372ec72e7158d92","rank":"Member","team":"YAKUZA","rank2":"None"},{"name":"Bypass","uuid":"5fd4ab119c3e4781a9a4697eea8166fd","rank":"Leader","team":"YAKUZA","rank2":"None"}]